id,name,votes,elected,age,party,marital status,number of kids,postal number,occupation,a5,c5,a6,c6,a7,c7,a8,c8,a9,c9,a10,c10,a11,c11,a12,c12,a13,c13,a14,c14,a15,c15,a16,c16,a17,c17,a18,c18,a19,c19,a20,c20,a21,c21,a22,c22,a23,c23,a24,c24,a25,c25,a26,c26,a27,c27,a28,c28,a29,c29,a30,c30,a31,c31,themes,short,long
6649562,Martin Nielson,453,True,44,A,Gift,3,2665 Vallensbæk Strand,Arbejdsmiljøkonsulent,4,"Penge brugt på dette område er penge sparret!Ingen børn skal blive syge af at gå i vores skoler. Der er rigeligt med uro og støj i verden, så lad os give vores børn en tryg og rolig start på livet, fri for stress og larm. De første år former os, og det vi udsættes for tidligt i livet, bærer vi med os resten af vejen! Når vi først reagerer, når barnet er i massiv mistrivsel, har vi allerede svigtet. Det har store personlige omkostninger for både børn og familier. Støj- og CO2-måling i alle klasser!Flere to-lære timer nu!",3,,3,"Vallensbæk Kommune kan få 1,3 mio ved at sælge området langs Holbækmotervejen til Statsskov.Det kommer ikke til at tage penge fra andre kommunale områder!",4,Jeg vil gøre Vallensbæk selvforsynende med grøn energi ved at overdække motorvejene med solceller og samtidig fjerne trafikstøj,4,"Jeg ønsker boliger, der gør det muligt at bo i Vallensbæk gennem hele livet.Når unge flytter hjemmefra, ved skilsmisse og når vi bliver alene eller huset for stort at holde, så må alt mange forlade Vallensbæk!Stop byggeri af flere dyre private udlejningsboliger!Byg almene ungdoms, familie- og ældreboliger!",4,Den har allerede gjort at S-togets linje E stopper i Vallensbæk,3,"Der findes kun 12 ungdomsboliger i Vallensbæk Kommune med +18.000 indbyggere!Jeg ønsker boliger, der gør det muligt at bo i Vallensbæk gennem hele livet.Når unge flytter hjemmefra, ved skilsmisse og når vi bliver alene eller huset for stort at holde, så må alt mange forlade Vallensbæk!Stop byggeri af flere dyre private udlejningsboliger!Byg almene ungdoms, familie- og ældreboliger!",4,Vallensbæk er kommunen med flest nye elbiler,3,,2,"Jeg mener vi skal investerer i solceller på kommunens tage, Så gør vi Vallensbæk billigere at bo i. Kommunen bruger ca. 5,4 mio. kr. på el om året - penge vi kan spare ved at blive selvforsynende med grøn strøm.",3,,3,,1,,1,,1,,3,,2,,3,,3,,3,Hvis der er behov for det,3,"Det vil give mere ro, men der er også behov for flere 2-lære timer i klasserne",3,,1,,0,Jeg ønsker uændret kommuneskat,1,"Vi bruger for mange penge på at behandle børn der bliver syge af at gå i skole, og alt for få penge på at forebygge at det sker!",2,,4,Det tog mig 4 uger at få en oversigt over hvor de befinder sig. Det er ikke godt nok!,"Trafik, Miljø og klima, Ældre, Skole/dagtilbud for børn, Beredskab og sikkerhed","Som far kender jeg hverdagen i Vallensbæk, fra dagpleje til skole og foreningsliv. Den virkelighed tager jeg med i kommunalbestyrelsen","Som far kender jeg hverdagen i Vallensbæk, fra dagpleje til skole og foreningsliv. Den virkelighed tager jeg med i kommunalbestyrelsen, hvor jeg arbejder for en kommune med plads til alle. Jeg vil sikre ro og tryghed i skolerne, boliger til alle livets faser og en grøn fremtid med solceller på kommunens tage. Vi bor oven på vores drikkevand, og det skal beskyttes mod sprøjtegifte og forurening. Vallensbæk skal være et sted, vi kan blive og trives hele livet."
23051,Anette Sandgreen,89,False,,A,,,,,,,,,,,,,,,,,,,,,,,,,,,,,,,,,,,,,,,,,,,,,,,,,,,,,,,,,,,,,
4624,Erdal Colak,244,True,50,A,,,,,,,,,,,,,,,,,,,,,,,,,,,,,,,,,,,,,,,,,,,,,,,,,,,,,,,,,,,,,
23026,Susanne Trans Voldfrom,51,False,58,A,,3,2625 Vallensbæk,Faglig koordinator,4,,3,,3,,3,,3,,3,,3,,3,,3,,3,,3,,2,,1,,2,,1,,3,,1,,2,,2,,2,,3,,2,,1,Den offentlige sektor skal have den størrelse der er nødvendig.Jeg ved fra min egen arbejdsplads at det er muligt at effektivisere og arbejde klogere. Jeg ved også at vi politisk bliver pålagt opgaver der ikke kommer borgerne til nytte.,1,"Det vil aldrig være et mål for mig at skatten skal sættes op.Først og fremmest skal vi sikre,  at vi får det meste og bedste ud af hver eneste skattekrone.",3,,2,,2,,"Miljø og klima, Sundhed, Skole/dagtilbud for børn","Jeg tror på åbenhed, gennemsigtighed og inddragelse.Jeg er politisk interesseret og aktiv, og har energi til at bidrage.Jeg vil med stor integritet og ansvarsfølelse påtage mig opgaven.","3 mærkesager:Styrkelse af folkeskolenDet gode børneliv.Da folkeskolen skal rumme alle elever, vil der ofte være brug for yderligere pædagogiske indsatser - som understøttelse til undervisningen.Det vil jeg arbejde for.Boliger til alle gennem hele livet  - Når du er ung og ønsker at flytte hjemmefra- Når livet rammer - ved skilsmisse, sygdom, dødsfald- Når otiummet skal nydes     Kvinders sundhed og sygdommeDanske kvinder har færre forventede raske leveår end mænd, på trods af at de lever længere. Jeg vil arbejde for at kvinders sundhedsbehov tages alvorligt.Lokalpolitisk kan et forslag være at udvide/supplere kommunens eksisterende mentale sundhedstilbud med særlige grupper for kvinder i stress, overgangsovergangsalder, efter fødsel og lignende."
121219853,Peter Spliid,4,False,,A,,,,,,,,,,,,,,,,,,,,,,,,,,,,,,,,,,,,,,,,,,,,,,,,,,,,,,,,,,,,,
121219850,Hanne Skou Poulsen,18,False,62,A,Gift,4,2665 Vallensbæk Strand,viceforretningsfører i a-kasse,4,,3,,4,,2,,1,jeg syntes at Vallensbæk har nået bebyggelsesgraden.  Jeg er dog enig i at der skal være almene boliger som er til at betale.,3,,2,,3,"Det bør også være muligt for borgere at udnytte muligheden for selv at sætte ladere op, også ved kommunale veje",3,,3,,3,,3,,2,,3,Hvis de  bliver ansat på overenskomstlignende forhold - og ikke laver social dumping.,2,,4,,1,,3,,1,,3,,3,,2,,1,,1,,3,,3,,3,,"Miljø og klima, Social- og integrationsområdet, Ældre, Sundhed, Skole/dagtilbud for børn","Jeg brænder for et stærkt velfærdssamfund, gode daginstitutioner, trygge skoler, værdig ældrepleje og grøn omstilling med omtanke. Alle skal have mulighed for et godt liv - uanset baggrund.","Vi ser ind i en fremtid hvor vi ikke nødvendigvis har de samme ressourcer til rådighed. Vi skal passe på vores drikkevand og sikre at vi gør det bedste for at se ind i grønne løsninger. Dette kan gøre ved f.eks at sætte solcelleløsninger på kommunernes bygninger, hvor det giver mening, men også sikre at den enkelte borger har mulighed for at bidrage til den grønne omstilling.Tryghed i byudviklingen.Borgerne skal have en tryg hverdag og færdes i kommunen i trygge rammer. Det gælder både de små, de unge og de ældre. Vi skal kunne færdes sikkert i trafikken, men også udvikle vores by med et godt og sikkert miljø for øje.ÅbenhedDer skal være åbenhed og gennemsigtighed i det arbejde der foregår i kommunalbestyrelsen, så den enkelte borger har mulighed og indsigt til at påvirke de beslutninger der tages i kommunalbestyrelsen. F.eks er det oplagt at streame mødet, så alle har lige mulighed for at deltage i den politiske debat."
4620,Claus Weichel,2,False,60,A,,,,,,,,,,,,,,,,,,,,,,,,,,,,,,,,,,,,,,,,,,,,,,,,,,,,,,,,,,,,,
121219851,Joan Jensen,15,False,70,A,Gift,2,2665 Vallensbæk Strand,folkepensionist,3,"Det er et kæmpe problem, at vi har så mange børn som bliver ""syge"" af at gå i skole og eller ikke vil i skole.  Vi kan ikke have en folkeskole i Danmark, som IKKE kan rumme alle. Får børnene en dårlig start i livet, kan vi risikere, at det følger dem resten af livet. Derfor skal elevernes trivsel være i fokus, også selvom det kommer til at betyde besparelser på andre kommunale områder.",2,højden skal være afhængig af hvordan lokalområdet ser ud hvor der skal bygges nye boliger.  Nogle steder Kan det være højt - andre steder ikke,1,"træer er vel ikke så dyre, at det behøver at være på bekostning af / eller besparelser på andre kommunale områder",3,trafikstøj er en stor belastning og gene for mange mennesker i Vallensbæk.  Det bliver man på sigt syg af. Derfor skal fremtidige ( også gerne nuværende) overdækkes hvis det er muligt.,4,"Der skal bygges mange flere almene boliger i Vallensbæk kommune  både til familier, enlige, unge, seniorer mf til en husleje som ""almindelige"" mennesker også har råd til at betale",4,Det bliver nemmere at komme til f.eks sygehuse mm,0,"Hvis der bygges flere almene boliger, vil de forskellige boligtyper give plads til både unge, børnefamilier og seniorer mf og til en husleje der er til at betale",2,"Antallet af P-Pladser til el biler i kommunen skal svarer til hvor mange procent af bil pakken der er EL biler - men kun i dagtimerne f.eks. mellem 07.00 - 18.00, så alle biler kan bruge alle P-Pladser aften og nat",3,,3,"Klima er en af største udfordringer vi står overfor.  Vi kan ikke være bekendt ikke at gøre noget ved det for vores kommende generationer. Derfor må vi alle bidrage og betale det, det kommer til at koste",1,"Udbygning af kommunen skal ske på en nænsom måde, ingen tvivl om det, hvor der tages hensyn til grønne områder. Grønne områder skal være en integreret del af en byfornyelse / lokalplan, så hvis det gøre på en fornuftig måde, kan vi både beskytte og udvikle samtidig",1,"Vi bør overveje et bedre samarbejde kommunerne imellem med brug af hinandens faciliteter og tilbud inden vi besluttter flere tilbud IKKE KUN til børn og unge, men til alle borgerne i kommunen",1,Kunst og kultur er vigtig at have i en kommune. Derfor kan ikke bruges for mange penge på det område. Dog skal det løbende drøftes hvem og hvorfor vi bruger penge på det vi gør,1,"Kommunen skal ikke kun gøre noget for at tiltrække udenlandsk arbejdskraft til ubesatte stillinger. Kommunen skal være en så godt arbejdsplads, at alle har lyst til at arbejde der, uanset etnisk baggrund",0,"Sociale udsatte borgere har IKKE valgt at komme i den givende situation. Derfor er det os som fællesskab der skal yde den støtte og hjælpe der er brug for,  med henblik på, at få vedkommende tilbage til en ""normal"" tilværelse",3,"At ældreplejen generelt fungere OK, betyder ikke, at den ikke kan blive bedre. Når borgeren bliver spurgt om hvad de synes om ældreplejen i dag, er det ud fra hvordan den er, og ikke udfra om den kan gøres anderledes og måske bedre. God omsorg og pleje kan jo også være oplevelser og flere fællesskaber",3,"Anden organisering af hjemmeplejen og mindre administration og registrering bør gøre, at ældreplejen både kan blive bedre og billigere",2,"Der skal tilbydes madordninger på kommunens skoler og daginstitutioner til en billig pris, som gør, alle kan betale uden at beløbet  ""vælter"" familiens økonomi",1,"Man kan vel ikke forbyde en borger at ryge i en park bare fordi den er kommunal? Og hvordan vil kommunen kontrollere det? Med "" røgfri zone vagter "" som jo dels er en merudgift for kommunen men rejser spørgsmålet om hvad der så igivetfald skal ske med den borger der overtræder forbuddet ??",2,"Der bør ikke være udvidet åbningstid i alle daginstitutioner, men kun i nogle stykker, hvor så de forældre der har behov for mere fleksibilitet i åbningstiden har første ret til pladsen til deres barn i den institution med længere åbningstid. Antallet af pladser med udvidet åbningstid skal ændres løbende og efter behov",3,Bedre forhold for nogle grupper i samfundet - her eleverne i folkeskolen med færre børn i klasserne vil højst sandsynlig betyde besparelser på andre kommunale områder. Og det er OK,3,"Det er vigtigt, at der er private arbejdspladser i kommunen, fordi forskelligheden af erhvervslivet er godt. Derfor bør kommunen også prioritere ressourcer på at tiltrække flere private arbejdspladser",1,Om der skal værre færre ansatte i kommunen kan være svært at svare på. Det kommer an på en drøftelse af hvad vi vil i kommunen. Måske kan en omorganisering / omprioritering af opgaver være bedre end afskedigelser,0,"Hvis skatte % nedsættes bliver velfærden mm forringet i kommunen, så det støtter jeg ikke",3,,3,"ENIG, og Også selvom der kommer en mindre merudgift til borgerne",2,"Da jeg ikke ved hvor mange beskyttelsesrum der findes i kommunen og/eller hvor de evt. er, er det svært at besvarer spørgsmålet. Dog mener jeg, at som verden ser ud nu, er det vigtigt at der er en beredskabsplan i kommunen der fungere når den skal bruges, herunder at der er beskyttelsesrum nok hvis vi får brug for dem","Trafik, Kultur,  idræt og fritid, Social- og integrationsområdet, Ældre, Sundhed","Fordi jeg gerne vil gøre en forskel. Jeg vil gerne være med til at udvikle og ændre ting om nødvendigt. Jeg er god til at lytte, også til dem jeg er uenig med.","Lokalpolitik er ikke enten eller men både og. Det betyder, at man NOGLE gange bliver nødt til at give afkald på noget for at få noget andet, og derfor lave et kompromis,  hvor man mødes på ""MIDTEN"" og finder fælles løsninger som kommer mange til gavn. Jeg mener ligeledes, at borgerne skal inddrages mere i beslutningsprocesser, da borgeren har viden, erfaring og ideer der kan kvalificere de politiske beslutninger der skal træffes i kommunalbestyrelsen. Det får vi et stærkere demokrati af."
121219848,Dorthe Holmager Weichel,4,False,,A,,,,,,,,,,,,,,,,,,,,,,,,,,,,,,,,,,,,,,,,,,,,,,,,,,,,,,,,,,,,,
121219852,Mogens Eliasen,10,False,74,A,I parforhold men ikke samboende,2,2665 Vallensbæk Strand,Pensionist,4,,3,,4,,4,,4,,3,,4,,3,,4,,3,,3,,3,,2,,3,,0,,3,,2,,4,,3,,3,,3,,3,,0,,1,,3,,2,,3,,"Trafik, Miljø og klima, Erhverv/administration","Har erfaring fra mange års arbejde i den politiske verden og jeg mener at kunne tilføre nogle kompetencer, der kan gøre en god by bedre.","Udover de temaer der er nævnt i testspørgsmålene er Jeg er optaget af at forbedre den politiske proces. Først og fremmest skal de mange kompetencer som Vallensbæks borgere har benyttes gennem en bevidst, struktureret og højt prioriteret inddragelse i beslutningerne og en markant større åbenhed om kommunalbestyrelsens arbejde. Høring, information og inddragelse af borgere, organisationer, erhvervsliv og ansatte skal i videst muligt omfang være den gennemgående arbejdsmetode."
121219849,Eva Gebauer,3,False,,A,,,,,,,,,,,,,,,,,,,,,,,,,,,,,,,,,,,,,,,,,,,,,,,,,,,,,,,,,,,,,
4587,Henrik Rasmussen,1682,True,54,C,Samboende men ikke gift,2,2665 Vallensbæk Strand,Borgmester,3,,1,,4,,1,,1,,4,,3,,2,,3,,3,,1,,3,,1,,1,,1,,3,,3,,1,,4,,3,,3,,3,,2,,3,,4,,3,,1,,"Miljø og klima, Kultur,  idræt og fritid, Sundhed, Skole/dagtilbud for børn, Erhverv/administration","Vil skabe livskvalitet. Dét, der binder os sammen som mennesker: Nærvær og interesse for hinanden. Vi skal være konstant nysgerrige efter nye måder til at forbedre vores by og dens tilbud til borgerne","Vallensbæk Skal være stedet, hvor børnefamilier trives og udvikles.Trivsel er fundamentet for børns dannelse, derfor har vi pasningsgaranti og frisklavet mad i alle daginstitutioner - fordi sunde vaner starter tidligt. Vores skoler arbejder målrettet med trivsel gennem bl.a. trivselsguide, så alle børn bliver hørt og set. Vi er ambitiøse: vores skoler er blandt de 25 % bedste i landet, og vi arbejder på at indføre skolemad, der styrker både energi og fællesskab.I Vallensbæk skaber aktive fællesskaber livskvalitetVi er kendt som foreningernes by, hvor vandsport, idræt og kultur samler mennesker i meningsfulde fællesskaber på tværs af generationer. Vi vil styrke dette fællesskab med nye initiativer som et Ungekulturhus og en ny Multihal, udviklet i tæt dialog med brugerne. Når vi sammen tager ejerskab til byens tilbud og faciliteter afspejles borgernes behov og drømme bedst."
4590,Jytte Bendtsen,162,True,70,C,Gift,2,2665 Vallensbæk Strand,Formand for social- og sundhed,3,,3,,2,"Jeg vil gerne have træer der, men ikke på bekostning af velfærden for borgerne.",0,"Det er ikke en kommunal opgave, men det er vigtigt at kommunen og politisk  at lægges pres på regeringen så der findes den bedste løsning på støjudfordringen fra motorveje.",2,,4,,2,,2,,2,,3,,4,,2,,1,,2,,1,,3,,1,,1,"Jeg finder det vigtigt at børn og unge har et tilbud om et sundt måltid mad i skole og dagtilbud - jeg syntes dog at der skal være betaling for maden. - altså mad - men ikke gratis, eller rettere betalt af borgerne i kommunen.",3,,2,,2,,3,,1,,3,,4,,3,,2,,"Kultur,  idræt og fritid, Social- og integrationsområdet, Ældre, Sundhed, Skole/dagtilbud for børn","Nær-værdighed i ældreplejenLevedygtig kommune, god økonomi, og tilbud til alle aldre.Fantastiske frivillige fællesskaber, med mange tilbud til en sund, sjov og social hverdag.-","Jeg ønsker at være med til at sikre at vi som kommune leverer det bedste til vores borgere i alle aldre, og at sikre at økonomien holder, - at børn kan blive unge, unge kan blive voksne, voksne kan blive ældre og ældre kan blive gamle, med gode livsmuligheder og tilbud til alle inden for kommunens grænser"
6734830,Oliver Bagge,300,True,24,C,Samboende men ikke gift,0,2665 Vallensbæk Strand,Studerende,4,,3,,3,,2,,2,,3,,3,,3,,2,,2,,3,,2,,1,,1,,1,,3,,1,,4,,3,,2,,3,,2,,1,,2,,3,,3,,1,,"Kultur,  idræt og fritid, Ældre, Sundhed, Skole/dagtilbud for børn","Jeg arbejder for at Vallensbæk også i fremtiden skal have danmarks bedste livskvalitet. Mine mærkesager er: skolemad,  børn skal være glade i skole og dagtilbud og gode faciliteter til foreningerne.","Jeg stiller op til kommunalvalget, fordi jeg vil arbejde for, at Vallensbæk også i fremtiden er kommunen med Danmarks bedste livskvalitet. Jeg vil sætte fokus på, at vores børn og unge trives i skoler og daginstitutioner, og at trivsel prioriteres lige så højt som faglighed.Jeg vil arbejde for, at vi får skolemad på alle skoler, så børnene hver dag kan samles om et sundt, varmt måltid, der giver energi til læring og skaber fællesskab - samtidig med at det giver familierne mere tid i hverdagen.Jeg vil sikre, at vores ældre møder kendte ansigter i hverdagen og får den omsorg og tryghed, de har brug for. Og jeg vil kæmpe for bedre faciliteter til foreningslivet - fra nye idrætshaller til ungdomskulturhus - så fællesskaber kan vokse og blomstre.Stemmer du på mig, får du en kandidat, der vil arbejde målrettet for at skabe de bedste rammer for alle generationer i Vallensbæk."
42927,Ricky van Overeem,151,True,49,C,Gift,3,2625 Vallensbæk,Sortimentschef,4,"Vi har brugt rigtig mange penge allerede og skal fortsættes fokus, men penge er ikke alt, vi skal også sikre en kultur ændring.",3,,3,,0,Det er en statslig opgave.,1,,4,,1,,1,"Synes jeg ofte ser rigtig mange tomme ladepladser, så det giver ikke mening,  men skal selvfølgelig have fakta på plads inden evt beslutninger.",4,MEN det går ofte hånd i hånd.,2,"Vi skal tænke smart., og optimere den vej igennem.",3,,1,"Vi har det vildeste udbud i forvejen, så nej.",1,,2,Tænker vi gør den indsats der skal til.,1,,3,"Er ikke fagperson, så kan kun forholde mig til diverse rapporter baseret på fakta, har ingen peronlig indsigt.",3,"Vi har en stærk ældrepleje, selvfølgelig kan den altid optimeres uden ekstra midler, men den er veldrevet. og tror det er svært at optimere meget.",1,"Vi skal IKKE sikre gratis madordninger, der er intet der er gratis, og jeg er overbevist om at forældre synes det er fair at betale deres børns mad, som de formodentlig selv også betaler på jobbet. Vi kan tilbyde et tilskud når der er tale om kommunale ordninger som i dagtilbuddet og rådhusets kantine, eller i plejecentrene",4,Ja tak.,0,"Vi har nogle af landets bedste åbningstider, og de er tilpasset familier som skal kunne komme til og fra arbejde uden stress.",1,"Vi skal sikre bedre trivsel og dynamik i klasserne, og arbejde for deling af klasserne og 2-lærerordninger når det giver mening.",1,Dette er ikke en kommunalopgave for en lille kommune midt i storkøbenhavn.,2,,3,"Men ikke på bekostning af vores serviceniveau, men et mere fair udligningssystem.",3,,3,"Ekstraordinære er et kæmpe ord at bruge, og nej vi kan ikke sikre os imod alt.",0,Nu skal vi ikke blive hysteriske på bekostning af vores velfærd.,"Kultur,  idræt og fritid, Ældre, Sundhed, Skole/dagtilbud for børn, Beredskab og sikkerhed","Jeg arbejder for de bedste rammer for børn, unge og familier,  trygge dagtilbud, stærke skoler og et aktivt fritidsliv i hele Vallensbæk.Sund økonomi, og et værdigt seniorliv","Jeg stiller op, fordi jeg tror på et Vallensbæk, hvor børn, unge og familier trives - i skolerne, i foreningerne og i hverdagen. Som formand for Børne- og Kulturudvalget har jeg oplevet, hvor meget det betyder, når vi skaber trygge rammer, engagerede medarbejdere og muligheder, der rækker lidt længere end standardløsningerne.Jeg ønsker et Vallensbæk, hvor vi bevarer nærheden og fællesskabet, samtidig med at vi tør tænke nyt. Hvor vi tager ansvar for vores børn og unges trivsel, men også for kultur- og fritidslivet, der binder os sammen.Mit fokus er resultater frem for symboler - mindre snak og mere handling. Jeg tror på samarbejde, respekt og ordentlighed, og jeg lover at fortsætte arbejdet for et Vallensbæk, hvor vi alle kan være stolte af at bo, leve og engagere os.Stem på mig, hvis du vil have en lokal stemme, der lytter, handler og holder fast i det, der virker."
39239,Firat Sari,306,True,37,C,Gift,3,2625 Vallensbæk,Folkeskolelærer,3,,2,,3,"Jeg er overvejende enig. Flere træer, også langs Holbækmotorvejen, kan forbedre luftkvaliteten, skabe mere grønne områder og reducere støj, selvom det kan kræve mindre budget til andre kommunale formål. Fordelene for miljø og trivsel vejer dog tungt.",1,"Jeg mener, at kommunen ikke bør prioritere at overdække motorvejene med beton og solceller, hvis det går ud over andre vigtige kommunale områder. Derfor er jeg overvejende uenig.",1,"Jeg er overvejende uenig - jeg synes, vi skal være opmærksomme på, hvordan flere almene boliger påvirker lokalområdet og infrastrukturen.",4,Enig! Letbanen vil gøre det nemmere at komme rundt og kan give et stort løft til lokalområdet.,3,,1,,3,,3,,2,,3,,1,,3,,2,,4,,1,,3,,2,,1,,2,,3,,1,,1,,4,,4,,2,,"Miljø og klima, Kultur,  idræt og fritid, Social- og integrationsområdet, Ældre, Skole/dagtilbud for børn","Fordi jeg vil sikre tryghed, stærke fællesskaber og høj kvalitet i velfærden - så Vallensbæk fortsat er et godt sted at bo for alle generationer, både i dag og i fremtiden.","Jeg stiller op til kommunalvalget i Vallensbæk, fordi jeg brænder for at udvikle vores kommune på en måde, hvor tryghed, fællesskab og kvalitet i velfærden går hånd i hånd. Vi har meget at være stolte af, men jeg mener, vi kan og skal bygge videre. Jeg vil arbejde for, at Vallensbæk fortsat er en tryg kommune, hvor samarbejdet mellem borgere, politi og kommune styrkes, så vi forebygger kriminalitet og skaber endnu bedre rammer for sammenhold. Jeg ønsker at styrke folkeskolen med fokus på trivsel, høj undervisningskvalitet og tæt dialog med forældrene - fordi en stærk folkeskole er grundlaget for fremtidens lokalsamfund. Samtidig skal vi udnytte vores mangfoldighed som en styrke, hvor alle - uanset baggrund - kan føle sig hjemme gennem fællesskab, fritidstilbud og integration. Jeg vil sikre, at Vallensbæk forbliver en kommune med plads til alle generationer, og at vores høje standard i ældrepleje, dagtilbud og sundhed fastholdes og udvikles, så vi også i fremtiden kan være stolte af vor"
4594,Morten Schou Jørgensen,186,True,46,C,Enlig,0,2665 Vallensbæk Strand,Chefkonsulent,2,,4,,3,,3,,4,,3,,4,,3,,3,,2,,3,,3,,1,,2,,2,,3,,3,,2,,3,,2,,3,,3,,2,,3,,3,,3,,2,,"Miljø og klima, Kultur,  idræt og fritid, Ældre, Sundhed, Skole/dagtilbud for børn","Vi har en kommune, som vi kan være stolte af - sådan skal det også være fremover.  Jeg stiller op for at bidrage til at gøre Vallensbæk endnu bedre - for mig handler det hovedsageligt om fællesskaber.","Mine mærkesager:- Royal Run og stærke fællesskaber- Ambitiøse skoler med trivsel og læring i top- Et aktivt seniorliv- Tryg alderdom med værdighed og valgmuligheder- Sikre fortove og cykelstier i hele Vallensbæk- Daginstitutioner med nærvær og trivselFrivillige og foreninger er rygraden i det fællesskab, der gør Vallensbæk til et godt sted at leve. Jeg vil arbejde for endnu bedre fritidstilbud til alle aldersgrupper - fra børn til voksne - og sikre, at vores foreninger har de bedste betingelser. Det kræver øget støtte og puljer, der muliggør nye initiativer. Frivillighed skal ikke bare hyldes - den skal styrkes, så fællesskabet kan vokse og blomstre i hele Vallensbæk.Når vi bliver ældre, skal vi stadig kunne leve et trygt og værdigt liv. I Vallensbæk har vi et serviceniveau, der er blandt de bedste - og det skal vi fastholde.  Omsorg skal gives med nærvær - når der er brug for det. Forebyggelse og valgfrihed skal sikre, at ældre kan klare sig selv længst muligt."
39117,Lene Lykke Sørensen,116,True,58,C,I parforhold men ikke samboende,2,2665 Vallensbæk Strand,Kommunalbestyrelsesmedlem,4,Vi gør allerede rigtigt meget på det område og har som den eneste kommune ansat en trivselsguide.,3,,2,Vi har allerede plantet kirkeskov og vedtaget et område til statsskov ved Holbækmotorvejen. Så det sker allerede.,2,,1,,3,,3,,3,,4,,3,,3,Det der en blevet bygget af nybyggeri er bygget på gamle erhvervsgrunde. IKKE på de grønne områder.,3,Jeg synes vi har rigtig mange skønne tilbud til børn og unge. Vi har også på budget  en ny hal 3 samt et ungekulturhus - en investering i fremtiden.,1,,1,,1,,4,,2,Vi leverer en rigtig god ældrepleje og bruger flere penge på det end landsgennemsnittet. Det er svært at levere endnu bedre (ting kan altid blive bedre) pleje uden at bruge penge. Effektivisering hvis muligt vil næsten altid være  på bekostning af noget.,2,Der skal tilbydes  favorable madordninger - men ikke gratis,3,,2,,3,,3,,2,,2,,3,,3,,3,,"Miljø og klima, Ældre, Sundhed, Skole/dagtilbud for børn, Beredskab og sikkerhed",Vallensbæk skal være det bedste sted at blive ældre. Vi skal se det enkelte menneske.Trivsel og sikre skoleveje.Forhøjelse af digerne skal så vidt muligt finansieres af puljer og fonde,"Vallensbæk er et hjem for alle livets faser. Det skal være et sted hvor man trygt kan leve fra vugge til alderdom.Det er ikke bare et sted at bo - du vælger en livsstil, der fremmer trivsel, bæredygtighed og fællesskab.Jeg stiller op fordi jeg elsker vores by og tror på,  at jeg kan gøre en forskel. Jeg vil lytte, tage ansvar og handle - med jer og for jer. Jeg er ikke en politiker der kun er synlig op til valget. Jeg er en del af hverdagen her - og vil kæmpe for at  videreføre den gode udvikling Vallensbæk er i - jeg vil være din stemme i kommunalbestyrelsen."
6735034,Ann Maria Tjagvad,251,True,53,C,Enlig,3,2625 Vallensbæk,Senior kontraktspecialist,3,"Elevernes trivsel er en vigtig forudsætning for læring. Der skal vi prioritere trivsel højt, men altid afbalanceret med andre kommunale områder.",2,"Det vigtigste er, at byggeri sker i balance med lokalområdet og tager hensyn til helhed og trivsel - ikke kun højden.",1,,1,Jeg mener at sådanne projekter ikke skal ske på bekostning af kernevelfærden.,3,"Almene boliger bidrager til fællesskaber og til, at der er plads til alle i Vallensbæk. Det skal dog ske i balance med andre boligtyper.",3,,3,"I dag har vi 12 ungdomsboliger i Vallensbæk. Jeg mener,  det er vigtigt at få flere, så unge har en reel mulighed for at blive boende i kommunen, når de flytter hjemmefra. Ungdomsboliger kan være med til at fastholde og tiltrække unge Vallensbækkere.",2,,2,"Jeg mener, at vi allerede har et godt fokus på fodgængere og cyklister i Vallensbæk og at der skal være en balance, så også bilister har gode vilkår. Det handler om helhed og trafiksikkerhed for alle.",3,,3,"Grønne områder er vigtige for både trivsel og miljø, men der skal være plads til udvikling, når det sker med omtanke og respekt for naturen.",2,"I Vallensbæk har vi mange gode kultur- og sportstilbud, men det er vigtigt løbende at understøtte dem, så børn og unge fortsat har et trygt og aktivt fællesskab.",1,"Kunst og kultur er med til at skabe fællesskab, trivsel og sammenhæng i Vallensbæk. Jeg mener ikke, at vi bruger for mange penge - men midlerne skal bruges klogt og komme flest muligt til gavn.",2,"Kommunen skal tiltrække de bedst kvalificerede medarbejdere uanset land, det vigtigste er kompetencerne.",1,"Det er vigtigt, at vi hjælper de mest sårbare, men også at hjælpen målrettes og følges op, så den virker bedst muligt.",3,,1,,2,Madordningen er allerede vedtaget og fokus bør nu være på kvaliteten og implementeringen.,2,,2,,2,,3,,1,,1,,3,,3,,1,"Jeg mener det er vigtigt, men det bør ske i samarbejde med staten og regionen. Kommunens midler skal først og fremmest gå til velfærd og tryghed i hverdagen.","Miljø og klima, Kultur,  idræt og fritid, Ældre, Sundhed, Skole/dagtilbud for børn","Jeg brænder for Vallensbæk - for fællesskab, tryghed og dialog. Jeg vil arbejde for en kommune med hjerte, hvor vi lytter til hinanden og finder løsninger sammen.","Jeg stiller op for Det Konservative Folkeparti, fordi jeg holder af Vallensbæk - det er her, jeg er vokset op og her mine børn har gået i skole. Jeg vil gerne give noget tilbage til det fællesskab, der har givet mig så meget.Gennem mange år har jeg været aktiv i lokalsamfundet - blandt andet i bestyrelsen i Syvhøjvænge børnehaven og 14 år i skolebestyrelsen på Pilehaveskolen. I dag er jeg formand for Ungeområdets bestyrelse og næstformand i Firkløverparken.Jeg tror på dialog, nærvær og samarbejde, at vi kommer længst, når vi lytter til hinanden og finder løsninger sammen.Jeg ønsker en kommune med sunde prioriteringer, hvor børn trives, unge får muligheder og ældre oplever tryghed og værdighed.Jeg vil være synlig, lydhør og handlekraftig - en stemme for et Vallensbæk med hjerte, sammenhold og ansvar. Jeg stiller op, fordi jeg tror på, at vi kan gøre en god kommune endnu bedre - sammen."
121505323,Søren Murmann Gotfredsen,189,True,42,C,Gift,2,2625 Vallensbæk,Salgschef,3,,1,,1,,3,,2,,3,,1,,1,,2,,2,,3,,3,,2,,2,,1,,4,,3,,3,,1,,1,,2,,1,,1,,2,,3,,3,,1,,"Kultur,  idræt og fritid, Sundhed, Skole/dagtilbud for børn",Fordi jeg er en lokal stemme som gør en forskel og som ønsker at bidrage til kommunes forsatte positive retning.,"Fordi jeg er en lokal stemme som gør en forskel og som ønsker at bidrage til kommunes forsatte positive retning. Ønsker stort forkus på foreningslivet, sport, sundhed, skole/institutioner og sund fornuft når det omhandler at bruge borgernes penge. Derudover er jeg Landsbyens stemme så Landsbyen i Vallensbæk kommer højere på på agendaen."
121505326,Emma Astrid Lund Nielsen,43,False,19,C,Samboende men ikke gift,0,2665 Vallensbæk Strand,Privat ansat,4,,2,,3,,2,,2,,3,,2,,1,,3,,3,,3,,4,,2,,2,,1,,3,,3,,4,,2,,4,,3,,3,,2,,3,,4,,3,,2,,"Kultur,  idræt og fritid, Ældre, Sundhed, Skole/dagtilbud for børn",Jeg går til valg på at gøre vores by bedre. Vi skal have gode skoler med glade børn og en værdig ældrepleje. Vallensbæk er en fantastisk kommune - og der skal den også være i fremtiden.,"Mine mærkesager til kommunalvalget er:- Bedre skoler - En værdig ældrepleje- Sundt og aktivt fritidslivJeg er ung, har ikke boet længe i Vallensbæk, men je blev meget positivt overrasket over fælleskabet i kommunen - og hvor god hverdagen er her sammenlignet med andre steder, jeg har boet. Det skal vi passe på her i Vallensbæk, og derfor håber jeg på din stemme. Med venlig hilsen Emma Nielsen"
121505384,Peter Christian Vinge-Maigaard,70,False,22,C,,0,2625 Vallensbæk,Studerende,4,,1,,3,,2,,3,,4,,3,,3,,2,,3,,2,,4,,2,,4,,1,,4,,1,,3,,4,,3,,3,,3,,1,,1,,3,,2,,3,,"Trafik, Miljø og klima, Kultur,  idræt og fritid, Sundhed, Skole/dagtilbud for børn","Jeg stiller op, fordi jeg gerne vil give noget tilbage til den kommune,der har formet mig - og fordi vi mangler unge stemmer i politik.","Mit navn er Peter Vinge-Maigaard, jeg er 21 år og medicinstuderende på Københavns Universitet. Jeg er født og opvokset i Vallensbæk Nord, hvor jeg stadig bor. Jeg har selv gået i folkeskole i kommunen, jeg har svømmet det meste af mit liv i Vallensbæk Svømmeklub - og i dag er jeg træner for klubbens børn og unge. Derudover har jeg været Lærervikar på pilehaveskolen i mine sabbatår. I min fritid kan jeg godt lide at træne og være aktiv.Jeg stiller op, fordi jeg gerne vil give noget tilbage til den kommune,der har formet mig - og fordi vi mangler unge stemmer i politik.Når gennemsnitsalderen i kommunalbestyrelsen er over 50 år,bliver de unges hverdag og udfordringer overset. Jeg vil sikre, at deunges perspektiv bliver hørt og være med til at forene nytænkningmed erfaring."
6734915,Dorte Hvolbye Ibsen,9,False,59,C,Gift,2,2625 Vallensbæk,Erhvervsrådgiver,3,,4,,3,,0,,0,,4,,1,,0,,4,,3,,3,,3,,0,,1,,3,,4,,4,,4,,4,,3,,3,,3,,1,,0,,3,,3,,3,,"Kultur,  idræt og fritid, Beredskab og sikkerhed",Vi skal have mere fokus på borgernes almindelige digitale hverdag. Vi skal styrke det lokale beredskab. Vi skal hylde kultur og fællesskaber.,"Jeg vil styrke fællesskabet ved at udbrede den fælles digitale viden på tværs af generationer. Det går så stærkt,  at der er brug for at vi løfter hinanden digitalt.  Jeg vil arbejde for borgernes sikkerhed med mere fokus på lokalt beredskab., så borgerne oplever tryghed, når den geopolitiske verden udsætter os for strømsvigt , og når de geofysiske hændelser viser tænder som oversvømmelser og storme.  Jeg vil arbejde for,  at fællesskaber på tværs af interesser og generationer næres og udvikles. Min drøm er en stor gigantisk velgørenhedsevent,  hvor kulturaktører hyldes og vi alle finder glæde og balance- også når livet viser modstand."
121505347,Heidi Røpstorff Rasmussen,73,False,58,C,Samboende men ikke gift,2,2665 Vallensbæk Strand,"Kropsterapeut, coach, akupunktør",4,,3,,0,,0,,1,,4,,1,,0,,4,,3,,1,,2,,1,,1,,0,,4,,1,,4,,4,,1,,3,,3,,2,,2,,4,,3,,2,,"Social- og integrationsområdet, Ældre, Sundhed, Skole/dagtilbud for børn, Beredskab og sikkerhed",Jeg vil kæmpe for TRYGHED - skal være et stærkt fundamentTRIVSEL - hverdagsglæde og udviklingSUNDHED - og stærke fællesskaber,"En stemme på mig betyder focus på# En kommune, hvor du og din familie kan føle jer  trygge- også når livet er svært.# Tidlig hjælp, hvis dit barn mistrives, så problemerne ikke vokser sig store.# Flere muligheder for at være en del af fællesskaber, hvor man mødes på tværs af alder.# Et Vallensbæk, hvor relationer, nærvær og glæde styrker sundheden for alle.En lokalpolitiker, der lytter og vil kæmpe for at alle borgere føler sig vigtige og værdifulde i Vallensbæk."
4601,John Albøger Sørensen,46,False,56,C,,,,,,,,,,,,,,,,,,,,,,,,,,,,,,,,,,,,,,,,,,,,,,,,,,,,,,,,,,,,,
121505319,Ahn Lykke Pedersen,11,False,,C,,,,,,,,,,,,,,,,,,,,,,,,,,,,,,,,,,,,,,,,,,,,,,,,,,,,,,,,,,,,,
121505359,Birgit Skytte,12,False,84,C,Gift,2,2625 Vallensbæk,Lærer /pensionist,4,,3,,3,Træer er ikke nok  til at forhindre støj fra motorvejene - der skal andet til. Hastighedsbegrænsning og  støjskærme.,3,,2,,4,,3,,2,,3,,4,,4,,3,,2,,3,,2,,4,,4,,2,Ældre der ønsker madordning skal selv betale en del og det kan vel også gælde for b madordning til skolebørn. Men madordning er en rigtig god ide.,4,,2,,3,,4,,2,,3,,3,,4,,2,,"Trafik, Miljø og klima, Kultur,  idræt og fritid, Ældre, Skole/dagtilbud for børn",Kommunens økonomi -  skole -  sundheds området  - kultur,"Erfaring gennem et langt liv - Kulturlivet skal kunne blomstre, så vi ikke bare har en soveby."
39250,Carl Eltorp,8,False,74,C,,,,,,,,,,,,,,,,,,,,,,,,,,,,,,,,,,,,,,,,,,,,,,,,,,,,,,,,,,,,,
4597,Lone Christiansen,10,False,76,C,,,,,,,,,,,,,,,,,,,,,,,,,,,,,,,,,,,,,,,,,,,,,,,,,,,,,,,,,,,,,
42850,Jan Høgskilde,111,False,65,C,Enlig,3,2625 Vallensbæk,økonom,3,Vi har heldigvis formået at hæve trivslen i skolerne i de sidste pr år. Men vi kan fortsat gøre det bedre.,3,"Rigtig gerne. Man skal dog have in mente, at de grunde, hvor der er bygget på, var meget forurenede. Det koster penge at rense, og enten betaler bygherre dette - eller også gør kommunekassen. Så simplet er det.",3,"Det er IKKE min opfattelse, at der vil være modstrid i mellem de to ting. Vi kan godt gennemføre begge dele - det meste er jo besluttet.",1,"Motorvejene er statens så præmissen er ganske simplet forkert. Men vi vil rigtig gerne skubbe på for en overdækning, men det er altså ikke kommunen, der skal finansiere det på statens arealer",2,Det kan sagtens være ide i lidt flere almene boliger. Men der skal være råd til at bygge det - og det skal følges af flere ejerboliger.,3,,2,"Der skal være flere ungdomsboliger, men det behøver ikke være på bekostning af det andet.",0,I forvejen er der nok p-pladser alene til El-biler,3,Det er vigtigt med plads til cykler og fodgængere,0,"Kommunen skal nok nå de ting, vi har forpligtiget os til",4,Der skal ikke bygges i de grønne områder. Og det er der heller ikke blevet.,3,Der skal være de tilstrækkelige faciliteter til vores børn og unge,1,"Vallensbæk bruger i forvejen  ikke meget på kunst og kultur, så det er jeg uenig i",0,Det er ikke noget kommunen skal drive politik på. Vi må tage udgangspunkt i den arbejdskraft der er til stede,1,"Vi skal bruge de penge, det er nødvendigt at bruge",4,Vi bruger rigtig mange penge på kommunens ældrepleje. Der kan måske flyttes rundt på midler - men der behøver ikke flere midler til området.,4,Ældreplejen er god - der er ikke brug for flere midler til området,1,"Der er en undersøgelse igang - så må vi se, hvad den tilsiger.",4,"Rygning skal begrænses de steder, hvor andre mennesker færdes. Nej til passiv rygning",3,,3,Vi skal have ikke have for store klasser - men der er også grænser for langt ned vi kan komme - fordi lovgivningen så giver børn udenfor kommunen adgang til vores klasser og så er vi jo lige vidt,4,"Vi skal gøre, hvad vi kan for at lokke virksomheder til kommunen",2,"Jeg tror egentlig, at kommunen har de medarbejdere, der er brug for. Der skal jo være nogen til at løse opgaverne",4,"Men det kræver jo, at pengene er til stede. Jeg vil dog arbejde for, at det rum bliver muligt i løbet af de kommende år",1,"Brede budgetforlig betyder jo, at det er hvad vi - alle - har været med til at beslutte. Men den seneste udligningsreform betød jo, at vi var nød til at sætte skatten op.",4,Der er fine systemer på plads til håndteringen af den slags hændelser,3,"Naturligvis, hvis beredskabsministeriet meddeler os, at vi har mangler. Der pågår i øjeblikket en gennemgang i ministeriet - den synes jeg vi skal afvente","Trafik, Miljø og klima, Social- og integrationsområdet, Skole/dagtilbud for børn, Erhverv/administration",Jeg håber på din stemme for at fortsætte den gode kommune vi har. Vi har sikret at der er økonomi til de ønsker vi har for vores service i kommunen. Jeg vil fortsætte dialogen i respekt for alle,"En ansvarlig økonomi. Forslag, der ønskes gennemført skal også have finansiering med. Alt for mange lover alverden uden at se på om pengene er der. Det er uansvarligt, hvorfor en ansvarlig økonomisk udvikling er min mærkesag.En styrket indsats for pårørende ved dødsfald eller svær sygdom. Det er vigtigt, at der tages hånd om pårørende både af menneskelige og økonomiske årsager. Ved at sikre en god og ikke mindst hurtig indsats, vil en række depressioner, stress og familie problemer kunne undgås.En sikker grøn stemme med fokus på bæredygtighed, biodiversitet, plantning af træer og biodiversitet. Samtidig vil jeg arbejde for en mere intelligent metode til indsamling af affald i stedet for en hær af spande. Sortering bør foregå centralt og ikke i hver enkelt husstand - også for at tilsikre bedre genbrug fra etageejendommeDet er mine mærkesager, men samlet er Vallensbæk en god kommune. Vi kan altid blive bedre og jeg vil gerne være med til at vise vejen. Jeg håber på din stemme"
6644321,Christian Skou Larsen,261,True,34,F,Enlig,0,2665 Vallensbæk Strand,Cand. soc.,4,"Børnenes trivsel er det allervigtigste, så vi bør bestemt bruge flere penge på dette område.",4,"Vi skal ikke bygge mere - og bestemt heller ikke i højden. Vi har en ekstremt høj befolkningstilvækst, og vi har ikke ressourcer til at følge med. Konservative påstår, at det er et krav for at sikre vores velfærd, men det er helt forkert. Tværtimod lægger det et enormt pres på bl.a. vores dagtilbud, skoler, foreningsliv og trafikale forhold. Vi skal ikke prøve at blive en storby, men i stedet omfavne det grønne!",4,"Jeg er 100 % enig i, at vi skal prioritere det grønne område højere!",3,"Vi skal arbejde stenhårdt på at bekæmpe støj og få flere solceller. Støj er irriterende og går udover livskvaliteten, men er også skyld i alvorlige sygsomme. I realiteten er en overdækning af motorvejene bare så dyr, at det simpelthen ikke kan finansieres kommunalt. Derfor skal vi have hjælp til dette projekt, og det er også kun retfærdigt, da det ikke er os i Vallensbæk, som ønsker at have en støjende motorvej i baghaven!Hvad angår solceller er dette en langt mere overkommelig investering, som vi absolut skal løfte kommunalt.",2,"Jeg synes bestemt ikke, vi skal bygge mere, end vi allerede gør, og derfor er det ikke min holdning, at vi skal fremme opførelsen af flere almene boliger. Men hvis vi absolut SKAL bygge, så bør det være boliger, som er til at betale. Der skal være mulighed for, at ældre, der mister deres partner, forældre, som bliver singler og unge, som flytter hjemmefra, kan blive boende i Vallensbæk!",3,"Det er principielt svært at vurdere, før letbanen er færdig, og vi kan opleve den i praksis. Jeg er dog generelt meget positivt indstillet, for det er helt afgørende for vores samfund og miljø, at vi investerer i kollektiv trafik!",3,"Der er i forvejen massevis af boliger til børnefamilier, så her er der ikke behov for flere. Til gengæld mangler vi ungdoms- og seniorboliger, som er til at betale.Jeg mener dog ikke, vi skal bygge mere, da det vil gå udover naturen. En løsning kan være at gå i dialog med entreprenører på byggeprojekterne og tale med dem om at omdanne de dyre boliger, som vi ikke kan få afsat, til eksempelvis kollegier.",2,"Vi skal lægge en stor indsats i at få mere og bedre kollektiv trafik, og det er også positivt, at mange mennesker investerer i el-biler for klimaets skyld. Situationen er dog bare, at vi simpelthen ikke har parkeringspladser nok, og nu og her giver det ingen mening at inddrage eksisterende p-pladser, eftersom mange borgere i forvejen vælger at parkere ulovligt i frustration over ikke at kunne holde nogen steder. Ulovlige parkeringer går udover trafiksikkerhed, så det er en problematik, vi er nødt til at tage meget seriøst.",3,"Det er absolut vigtigst at forbedre forholdene for de bløde trafikanter. Vi skal investere i sikre cykelstier - især ved skolerne. Dog er virkeligheden også, at mange borgere kører bil, og det skal vi selvfølgelig forholde os til. Derfor skal vi også have et velfunderende vejnet og en tilstrækkelig mængde parkeringspladser!",3,"Det er en bunden opgave at nedbringe CO2-udslippet, og det er absolut også vigtigt. Jeg køber dog ikke præmissen om, at det er nødvendigt at gøre det dyrere at bo i kommunen for at nedbringe CO2-udslippet. Det handler om at bygge på den rigtige måde og generelt følge med tiden.",4,Der skal ikke bygges mere.  Tværtimod skal vi have mere vild natur og generelt flere grønne områder!,3,Kultur- og fritidstilbud skal være for alle! Vi må selvfølgelig ikke ekskludere vores borgere - slet ikke børn og unge - fra at gå til idræt eller på anden måde være en del af foreningslivet.,1,"Kunst og kultur er vigtigt, og jeg synes ikke, vi bruger for mange penge på disse områder.",2,"Det er selvfølgelig relevant at vide, hvilke stillinger der er tale om. Hvis vi fx se på ældreområdet, mangler vi ikke personale, men vi kan komme til det, og hvis det sker, må vi være åbne for løsningsmuligheder. Her er det dog helt afgørende, at de er kompetente, omsorgsfulde og kan tale dansk.",0,"Det synes jeg bestemt ikke, vi gør. Tværtimod har vi nu endelig fået ansat en borgerrådgiver, hvilket er et stort skridt i den rigtige retning på dette punkt.",4,"Vi klarer os generelt rigtig godt, når det kommer til ældrepleje, og det skal vi blive ved med fremover!",0,"Der er uden nogen tvivl en klar sammenhæng mellem investeringer og velfærd, så selvfølgelig kan dette ikke lade sig gøre på nogen måde.",3,"Der kommer selvfølgelig an på, hvilke opgaver, pengene kommer fra, men jeg er rigtig glad for, at vi nu får produktionskøkkener på alle kommunens skoler, og jeg ser frem til at se, hvordan frokostordningen kommer til at fungere!Frokost til børnene er ikke kun en investering i mætte maver, men også i bedre trivsel, dannelse og sociale relationer.",2,"Vi skal fortsætte den gode indsats, vi yder, når det kommer til at få børn og unge til at holde sig fra cigaretter, puff bars osv. Jeg ser dog ikke et behov for flere røgfri zoner.",2,"Det er vigtigt med fordelagtige åbningstider, men jeg oplever ikke på nuværende tidspunkt et stort behov for at udvide åbningstiderne. Jeg vil hellere bruge pengene på flere pædagoger i den nuværende åbningstid.",4,"Dagtilbuds- og folkeskoleområdet har førsteprioritet for SF. Tiden til det enkelte barn er måske det allervigtigste punkt, hvad angår trivsel, og derfor skal vi selvfølgelig have færre børn pr. voksen i folkeskolerne. SF arbejder på et klasseloft på 24 elever.",2,"Der skal være gode muligheder for at drive virksomhed i form at gode institutioner og trafikale muligheder.  Derudover skal vi fortsætte med at ligge højt, når det kommer til tempoet på byggesagsbehandlinger.",0,"Vi har brug for flere - ikke færre - ansatte, for vi SKAL have rigtig gode ansatte, som kan yde fantastisk service for vores borgere. Det er helt afgørende, at vi har virkelig gode pædagoger og lærere samt fortsat kan yde virkelig god ældrepleje.",0,"Skattesatsen er fin, som den er i Vallensbæk. Vi kan ikke skære i den uden at forringe velfærden, men omvendt er det heller ikke nødvendigt at hæve den, hvis blot vi bruger pengene klogt og rigtigt.",2,"På en række punkter bliver pengene brugt godt, men der er bestemt også punkter, hvor vi burde bruge pengene anderledes. Vi skal have mindre byggekaos, mere vild natur og investere i børneområdet!",3,"Vi er i gang med at sikre havnen mod oversvømmelser, og ellers mener jeg generelt, vi står et godt sted, når det kommer til at sikre os mod fx storme og oversvømmelser.",3,"Som kommune er vi selvfølgelig nødt til at kunne tage os af borgerne, når det er allermest nødvendigt, og derfor er det et område, som vi er nødt til at prioritere. Dog er vi nødt til at være opmærksom på, hvor pengene tages fra, og hvordan vi bygger. Det skal gøre på en klog og ansvarlig måde.","Miljø og klima, Kultur,  idræt og fritid, Ældre, Sundhed, Skole/dagtilbud for børn","Gennem de seneste 4 år er jeg lykkedes med meget på børneområdet, men vi er slet ikke i mål. Her vil jeg arbejde videre, og jeg vil kæmpe for en grøn kommune, som informerer og lytter til borgerne!","Jeg stiller op, fordi jeg brænder for Vallensbæk, men på nogle områder er bekymret for den retning, vi går i. Det går fint på en række parametre - bl.a. ældreplejen. Desværre er vi ikke i nærheden af at have samme succes på børneområdet, og det skal vi gøre noget ved.Siden vi i SF blev valgt ind i kommunalbestyrelsen i 2021, har vi kæmpet hårdt for at få børnenes trivsel sat på dagsordenen. Vi er nået et stykke, men vi er slet ikke i mål. Vi ligger højt på livskvalitet på voksenområdet, men børneområdet halter kraftigt efter. Der skal være tid til det enkelte barn, og det kræver flere voksne!Det er enormt vigtigt, at vi værner om det grønne område. Konservative har gennem en årrække lavet det ene vilde byggeprojekt efter det andet, hvilket lægger et voldsomt pres på kommunen, hvad angår ressourcer. Jeg mener på ingen måde, vi skal gå den vej.Jeg mener også, vi skal skabe reel borgerinddragelse, hvor vi er åbne omkring, hvad vi laver i kommunalbestyrelsen og lytter til borgerne!"
6744600,Mette Harder-Georgi,136,False,54,F,Gift,2,2665 Vallensbæk Strand,Souschef i center for dagtilbud og skoler,4,,4,,3,,3,,3,,3,,3,,3,,4,,3,,4,,2,,1,,2,,0,,2,,1,,2,,2,,1,,3,,2,,0,,0,,2,,2,,1,,"Trafik, Miljø og klima, Kultur,  idræt og fritid, Social- og integrationsområdet, Skole/dagtilbud for børn","Mine mærkesager er:Byplanlægning, gode tilbud til de unge og styrkede folkeskoler.","Der skal ikke bygges mere nyt, der skal være fokus på grønne områder og vedligeholdelse af alt det, der gør Vallensbæk til en dejlig kommune!Mine mærkesager:Byplanlægning med respekt for det eksisterende, for miljøet og for borgerne i Vallensbæk Kommune.Der skal være boliger, aktiviteter og muligheder for unge i Vallensbæk - vi skal give de unge en stemme og lytte til den. Inddrag de unge - fx gennem et ungeråd. Vi skal styrke vores skoler og støtte dem i den nødvendige udvikling. Vores folkeskoler skal være førstevalg for alle forældre og der skal være plads til at alle børn og unge trives, lærer og dannes."
121672605,Stine Nadeem Korsgaard,79,False,38,F,Enlig,2,2665 Vallensbæk Strand,Faglig leder,4,,4,Det er bygget meget i Vallensbæk og det er vigtigt at passes på vores grønne områder.,4,,3,,3,"Der er bygget mange dyre boliger, der gør det svært for enlige at bo i kommunen.  Mange som har betalt skat i kommunen i mange år har været nødsaget til at flytte til andre kommuner.  Især de som bliver skilt har været nødt til at fraflytte kommunen, hvilket også har gået ud over deres børn, i en periode som i forvejen har været svær for dem.",3,,2,,1,Men der skal være flere ladestandere og parkeringspladser.,3,,2,,3,,3,,2,,3,,0,Det sociale og specialiserede område i Vallensbæk bør prioriteres i højere grad.,3,,1,,3,"Er kun overvejende enig, da jeg mener at vi forældre godt kan give et tilskud. Tilskuddet kunne evt. gives efter husstandens indkomst.",2,,1,,4,,1,,0,,1,,1,,2,,3,,"Kultur,  idræt og fritid, Social- og integrationsområdet, Skole/dagtilbud for børn","Bedre dagtilbud og skoler Stærkt forenings- og fritidsliv.Bedre vilkår for enlige og familier Mere natur, mindre beton.","Hvorfor stemme på mig?Jeg stiller op, fordi jeg vil arbejde for børn, familier, enlige og fællesskaber i vores kommune. Med min erfaring som faglig leder på børne- og ungeområdet og som aktiv i foreningslivet, ved jeg hvor vigtigt det er, at vi skaber trygge rammer og stærke fællesskaber for vores børn og unge.Jeg vil styrke kulturliv, idræt og fritidsaktiviteter, så flere børn og unge kan blive en del af sunde og meningsfulde fællesskaber. Samtidig vil jeg kæmpe for bedre forhold for enlige forældre, udsatte familier og middelklassen - for alle skal have mulighed for at trives i Vallensbæk.Endelig vil jeg arbejde for en mere balanceret byudvikling med plads til grønne områder og mindre byggeri - så vores kommune forbliver et godt sted at vokse op og leve."
120495924,Matheus L. Nikolajsen,123,False,22,I,I parforhold men ikke samboende,0,2625 Vallensbæk,Studerende HA-EB bachelor CBS,4,"En af kommunes vigtigste kerneopgaver er at sikre, at børn og unge trives i skolen. Derfor skal vi prioritere penge til at højne kvaliteten i skolen så de kan det.",2,"Det vigtigste er at nye bygninger passer ind i det område de opføres i. I stedet for at fokusere ensidigt på højden bør vi stille krav til bygningernes æstetik, så vi undgår grå betonblokke og derved får et pænere bymiljø.",1,,1,"Det virker urealistisk rent økonomisk.  Men hvis en løsning både kan reducere støj markant og producere strøm i en skala, hvor projektet i høj grad kan finansiere sig selv, så er det værd at undersøge, men virker langt ude",0,"Vallensbæk skal ikke fremme almene boliger, da det skævvrider boligmarkedet i Vallensbæk, hvilket fortrænger private investeringer.",0,,3,"Vigtigt at vi i Vallensbæk sikrer, at de unge har mulighed for at blive boende, i stedet for de som nu flytter ind mod København. Hvis vi holder dem i længere tid får vi en yngre og mere levende by med mere liv i foreningslivet og hverdagen.",0,"Vi skal have p-pladser til elbiler, men vi skal ikke tvinge folk over i elbiler ved at begrænse parkeringsmulighederne for andre.",2,"Vigigt vi sikrer begge dele. Vi skal sikre gode forhold for både bilister, fordgængere og cykelister,  vi skal behøver ikke sætte dem op mod hinanden.",0,"Klima politik på kommunalt plan har minimal effekt på det globale Co2 udslip, kommunens fokus bør i stedet fokusere på gode lokale tiltag som natur og grønne områder med massere af biodiversitet. Uden at gøre det dyrere at være borger i kommunen.",3,"Det er vigtigt, at vi udvikler Vallensbæk, så der er plads til nye tilflyttere, men udviklingen skal ske med omtanke, så vi bevare grønne områder.",4,"De unge er fremtiden og derfor er det en god ide at investere i dem. Hvis vi kan få flere børn og unge aktive i foreningerne, kan vi styrke fælleskabet og modvirke ensomhed og skabe gladere børn i Vallensbæk.",4,"Vi skal prioritere kernevelfærd som skoler, ældrepleje og tryghed først. Kunst og kultur skal i højere grad drives af frivillige kræfter og private initiativer og ikke af kommunekassen.",0,Vores fokus skal være at sikre kvalitet i velfærden. Vi skal derfor sikre den arbejdskraft der kommer har den kvalitet der er forventet af borgerne.,1,"Det er kommunens opgave at sikre, at de allermest udsatte borgere får den nødvendige hjælp og støtte.",3,,4,"Mindre tid på unødvendige administration og registrering i ældreplejen, kan give bedre service uden at bruge flere penge.",0,"Det er forældrens eget ansvar at sikre deres børn for ordentlig mad med i skole. Pengene skulle i stedet bruges på kernevelfærd, eksempelvis til at styrke skolernes undervisning, så vi sikre en god uddannelse i Vallensbæk.",0,"Så længe det foregår steder, hvor det ikke er til gene for andre. At indføre flere røgfri zoner på udendørs arealer er unødvendig detailstyring.",3,,4,"Antallet af elever i kommunens folkeskoleklasser skal ned. Vores skoleklasser er fyldt til randen, og det er vigtigt vi gør hvad vi kan for at nedbringe det.",4,"Et stærkere erhvervsliv er til glæde for borgerne, både fordi det skaber arbejdspladser, og fordi det giver en sundere kommunal økonomi.",3,"Spørgsmålet er upræcist formuleret, derfor vil jeg gerne uddybe. Vi skal have færre administrative medarbejdere, men ikke færre skolelærer, pædagoger eller sosu'er.",4,Kommuneskatten bør sættes ned. Den bedste velfærd man kan give borgerne er at lade dem beholde flere af deres egne penge.,0,Alt for mange af pengene går til administration og bureakrati i stedet for kernevelfærd.,3,,3,"Ansvaret for beskyttelsesrummene ligger hos kommunen, derfor skal der også afsættes de midler det kræves at sikre beskyttelsesrum til Vallensbæksborgere.","Trafik, Kultur,  idræt og fritid, Skole/dagtilbud for børn, Erhverv/administration, Skat","Jeg vil skabe et borgerligt alternativ, hvor frihed,  ansvar og mest mulig værdi for pengene går forud for bureaukrati og prestigeprojekter.","Jeg hedder Matheus og er vokset op i Vallensbæk. Jeg stiller op for at sætte borgerne først og give mere frihed og valgfrihed på skoler, daginstitutioner og ældrepleje. Jeg vil prioritere kernevelfærd fremfor bureaukrati og unødvendige udgifter, sikre mest mulig værdi for pengene og gøre Vallensbæk til en kommune, hvor borgerne bestemmer mere over deres eget liv."
121652859,Gustav Stig Ansdal,11,False,,I,,,,,,,,,,,,,,,,,,,,,,,,,,,,,,,,,,,,,,,,,,,,,,,,,,,,,,,,,,,,,
121652866,Jasmin Gravang,29,False,23,I,I parforhold men ikke samboende,0,2665 Vallensbæk Strand,arbejde,4,,3,,2,,2,,0,,0,,3,,1,,1,,0,,4,,4,,4,,1,,1,,1,,3,,0,,0,,3,,2,,4,,2,,4,,1,,3,,1,,"Kultur,  idræt og fritid, Ældre, Sundhed, Skole/dagtilbud for børn, Beredskab og sikkerhed",.,.
4605,Kenneth Kristensen Berth,354,True,48,O,Gift,3,2625 Vallensbæk,Sekretariats- og personalechef,1,"Trivsel handler ikke om penge. Trivsel handler om god ledelse af skolen, nultolerance over for mobning og villighed til at placere børn i et skoletilbud, der passer til dem i stedet for at tvinge dem ind i normalområdet. Et flertal uden om DF i kommunalbestyrelsen har besluttet at ansætte en bureaukrat til at rådgive skolerne om trivsel. Det mener vi ikke er en god måde at bruge pengene på. Det handler om anderledes basale forhold, som jeg nævnte i indledningen.",4,Vi skal ikke have flere etageboliger i kommunen.,3,"Ja,  plantning af træer er en mindre udgift. Dansk Folkeparti ønsker området nord for Holbæk-motorvejen omdannet til et rekreativt areal. Derfor giver det mening som led heri at plante træer. Der skal IKKE bygges på grunden - hverken erhvervsbyggeri eller boliger.",2,"At overdække motorveje med beton og/eller solceller er så bekostelig en affære, at det vil være HELT umuligt for en kommune af Vallensbæks størrelse selv at finansiere dette. Måske kan der blive tale om medfinansiering, men det er staten, der har påført Vallensbæk de ar, som de to gennemkørende motorveje medfører og derfor er det også staten, der bør bekoste overdækningen af disse. De støjværn, der er opsat langs motorvejene i dag er også finansieret af Vejdirektoratet.",1,"Vallensbæk er så godt som udbygget. Jeg ser ikke for mig, at kommunen skal bygge større almennyttige boligområder. Vi skal derimod se på hvordan vi fordeler de almennyttige boliger, der er til rådighed. DF ønsker, at kommunen skal stoppe med at give flygtninge fortrinsret til almennyttige boliger. Borgere, der har boet mange år i Vallensbæk, skal derimod have fortrinsret til boligerne.",3,"Letbanen vil gøre det nemmere at komme på tværs af omegnskommunerne. Der er i øvrigt ikke noget alternativ til den nu hvor den er blevet etableret, så lad os få det bedste ud af det. En positiv effekt er, at hastigheden på Søndre Ringvej er blevet sat ned som følge af etableringen af letbanen.",1,"I Dansk Folkepartis optik er Vallensbæk så godt som fuldt udbygget. De få grunde, der er tilbage egner sig til rækkehuse og/eller fritliggende familiehuse. Jeg forstår behovet for ungdomsboliger. Man kan overveje at konvertere et mindre antal af kommunens almindelig boliger til ungdomsboliger, men jeg må også erkende, at mange unge - desværre - drømmer om at komme tættere på København end Vallensbæk.",0,"Det giver ikke nogen mening at reservere p-pladser til elbiler. Efterhånden anskaffer flere og flere danskere sig elbiler, så tiden er løbet fra en sådan tanke. Alle køretøjer skal kunne parkere på vores p-pladser - selvfølgelig skal der være nogle ladepladser - men ikke almindelige p-pladser helliget el-køretøjer.",2,,0,Vallensbæk har gjort ganske meget på denne front allerede.,4,"Efter DFs opfattelse er kommunen tæt ved fuldt udbygget, så den smule natur vi har tilbage uden for den grønne kile skal vi bestemt holde fast i.",2,"Der er netop besluttet at bygge en hal 3. Dette vil helt sikkert hjælpe på de problemer, der er med at få haltider i Idrætscenteret. Det er gjort uden besparelser, så forudsætningen er forkert.",3,"På budgettet for 2025 har et flertal af kommunalbestyrelsen - uden om DF - besluttet at afsætte yderligere en halv million kroner til kulturtilbud.  I Dansk Folkeparti ser vi hellere pengene gå til kernevelfærd som ældreområdet, daginstitutionerne og vores skolebørn.",0,"Vallensbæk Kommune er offer for regeringens ambition om netop dette. Vi ser mange flytte ind i vores boliger, som kun er i Danmark i kortere tid for netop at arbejde og/eller studerer. Det er ikke godt for et boligområde, hvis der er mange ind- og udflytninger - samtidig koster det mange ressourcer på skolerne at forsøge at lære de børn, der følger med indvandrere fra Bangladesh, Tyrkiet, Iran osv. dansk ud over de kulturelle udfordringer, der følger af indvandringen, så nej vi skal bestemt ikke gøre mere for dette.",1,,1,"De forebyggende hjemmebesøg bliver afskaffet, de uanmeldte tilsyn på vores plejehjem afskaffes, kvalitetsstandarderne på ældreområdet er blevet afskaffet, så vores ældre ikke længere har nogle rettigheder, der er en tydelig tendens til at de ældre bliver presset ned i forløb med så få timer som muligt. Det går desværre den forkerte vej - og med ovennævnte beslutninger rummer det en stor risiko for at det kommer til at gå hurtigere den forkerte vej.",0,"Det mener jeg faktisk ikke det er. Ældreplejen er drevet af mandskab - af varme hænder - den største omkostning er således mandskab, som, hvis man vil spare penge på området, skal afskediges, og det vil jeg ikke være med til. Vallensbæk bruger i forvejen 15 pct. færre penge på ældre over 80 år end vi gjorde for fem år siden, så der skal ikke spares mere på de ældre - tværtimod!",0,"Madordningen i daginstitutionerne er lovpligtig at gennemføre, hvis forældrene stemmer det igennem, så det kan vi ikke ændre ved. I skolerne skal der ikke være madordninger. Et flertal i kommunalbestyrelsen - uden om Dansk Folkeparti - har netop besluttet at bruge 85 mio. kr. på at etablere produktionskøkkener på vores tre skoler,  selvom samme flertal endnu ikke har besluttet at indføre en skolemadordning...! Det vil koste 5-6 mio. kr. at drifte en skolemadsordning med EGENBETALING om året - og det skønnes at ca. 60-70 pct af børnene vil bruge den. Uden egenbetaling vil det blive endnu dyrere. Vi mener, at pengene i stedet skal bruges til bedre undervisningsmaterialer, efteruddannelse af lærere og bedre faglokaler - IKKE til produktionskøkkener. Hvis man endelig ville have en skolemadordning, kunne man bruge en privat leverandør. Der er allerede i dag en privat leverandør af skolemad.",1,,3,"Jeg vil meget gerne medvirke til eksempelvis at afskaffe lukkeugerne, men i så fald skal det være fordi der kan findes penge til at gøre netop dette. Jeg er allermest optaget af at vi får en bedre kvalitet i vores daginstitutioner - den halter desværre - hvad både tilsynsrapporter og forældretilbagemeldinger peger på. Det kræver formentlig mere personale at sikre at dagnstitutionerne bliver mere og andet end en opbevaringsanstalt for vores børn.",3,Den ideelle klassestørrelse er omkring 20-22 elever. Det er det leje man skal prøve at finde.,4,"Det er en stor gevinst for kommunen, at få erhvervsvirksomheder til at slå sig ned i Vallensbæk. Det har vi haft voksende succes med de senere år - og den indsats skal udbygges.",2,Der skal spares på de administrative led - men der skal BESTEMT IKKE spares på de varme hænder. Tværtimod!,1,"Det er ikke en prioritet for Dansk Folkeparti at sænke kommuneskatten så længe vi har udfordringer med svigtende kvalitet i ældrepleje, daginstitutioner og skoler.",3,,3,,3,"Vallensbæk har langt fra beskyttelsesrum til alle borgere. Til gengæld har Brøndby Kommune overskud af beskyttelsesrum. Der er nødt til at være en national koordinering af denne opgave, så kommunerne ikke farer afsted over hals og hoved.","Trafik, Social- og integrationsområdet, Ældre, Sundhed, Skole/dagtilbud for børn","Vi skal have gjort op med det absolutte konservative flertal i kommunalbestyrelsen, vi skal prioritere den nære velfærd frem for store prestigeprojekter og borgerne skal have indflydelse på Vallensbæk","1: Vi vil have de danske værdier tilbage - maden i daginstitutionerne skal være dansk og vi skal stoppe med at fejre eid i skoler og daginstitutioner.2: Vallensbæk skal være Danmarks bedste kommune at blive gammel i - de forebyggende hjemmebesøg skal genindføres og der skal være bedre pleje og omsorg for vores seniorer. 3: Ikke flere højhuse i Vallensbæk - fremtidigt byggeri skal være rækkehuse og eller fritliggende parcelhuse.4: Trygheden tilbage til Vallensbæk - indførelse af et tryghedskorps i kommunen. 5: Stop hetzen mod bilisterne - nej tak til nedsættelse af hastigheden til 40 km/t overalt i kommunen og højere parkeringsnormer ved byggeri.6: Stærk faglighed og stærkt fællesskab i daginstitutioner og folkeskoler gennem stærk og kompetent ledelse og nultolerance over for dem, der vil ødelægge undervisningen."
4606,Carina Kristensen Berth,126,True,45,O,Gift,3,2625 Vallensbæk,Ergoterapeut,4,,4,,4,,4,,0,,4,,3,"For mig er det ikke et enten eller spørgsmål. Vi mangler i høj grad boliger til unge i Vallensbæk, som er til at betale for vores børn. Omvendt er der også mange seniorer der, gerne vil udskifte deres hus med en lejlighed, og de skal bestemt også tilgodese.",0,,3,"Vores fortov og stiger trænger til en opgradering, så vores gangbesværede borgere kan komme rundt med eksempelvis en rollator eller et el-køretøj.",0,,4,,3,,3,,0,,0,,1,"Vi bruger i dag 10% mindre på de ældre over 80 år, end vi gjorde for 5 år siden. Det er en forkert udvikling.",0,,0,Gratis mad er IKKE en kommunal opgave. Det er forældrenes opgave.,2,,1,"Hvis det kommer til, at jeg skal prioritere udvidede åbningstider fremfor bedre normering, så vil jeg til en hver tid støtte en bedre normering. Derfor er mit svar overvejende uenig.  Kunne man i en ideel verden få begge dele, så ville det selvfølgelig være at foretrække.",4,,3,,3,"Jeg er overvejende enig i dette, men der skal selvfølgelig prioriteres i varme hænder, så vores ældre kan få en værdig pleje, og vores børn kan få en fornuftig normering af pædagoger, så de får en god oplevelse i vuggestue og børnehave.",1,"Det er vigtigt, at vi forbedrer vores serviceniveau for vores børn, unge og ældre.  Derfor ser jeg ikke at det på nuværende tidspunkt er muligt at sætte kommuneskatten ned.",2,,3,,4,,"Kultur,  idræt og fritid, Social- og integrationsområdet, Ældre, Sundhed, Skole/dagtilbud for børn","Jeg har været ansat i ældreplejen, på handicapområdet og i forhold til børn med særlige udfordringer. Derfor bringer jeg virkeligheden med ind i kommunalbestyrelsen.","Jeg har arbejdet som visitator og været med til at bevilge hjælp til ældre borgere. Jeg ved hvor svært det kan være at få den rette hjælp. Jeg har også haft med visitationsopgaver i forhold til hjælpemidler at gøre, ligesom jeg har arbejdet og fortsatte arbejder med unge med særlige udfordringer. Det er alt sammen erfaringer, som jeg vil bære med mig ind i kommunalbestyrelsen, hvis jeg er så heldig, at jeg bliver valgt."
121173020,Flemming Lystrup,23,False,65,O,,,,,,,,,,,,,,,,,,,,,,,,,,,,,,,,,,,,,,,,,,,,,,,,,,,,,,,,,,,,,
121260609,Christopher Blomsterberg-Thaysen,122,False,31,V,Gift,0,2625 Vallensbæk,Ansat som Specialist hos GoCollective,4,"Elevernes trivsel er altafgørende for Venstre. Udgifterne bliver blot meget større, hvis ikke vi sætter ind tidligt. I Venstre er vi helt overbeviste om,  at man kan finde de nødvendige midler til at løfte trivslen, uden at det skal gå ud over andre kernevelfærdsområder",4,"Byggeriet i kommunen er generelt gået for langt og i Venstre vil vi gerne pause for yderligere byudvikling og genoverveje de konsekvenser det har for sammenhængskraften i kommunen, at der bliver bygget så massivt.",0,"I Venstre går vi ind for,  at man tænker beplantning ind når man udvikler eksisterende og nye byområder. Vi går dog ikke ind for at spare på kernevelfærden for at kunne plante nogle træer, hvor der i forvejen er fine grønne områder",0,"Overdækning af motorvejene er en voldsom dyr løsning, som kommunen på ingen måde har råd til at finansiere selv.  Solceller bør man dog sigte efter at få etableret over alt på kommunale bygninger, hvor det giver mening.",0,"I Venstre synes vi at andelen af almene boliger er passende på nuværende tidspunkt.  Antallet og behovet kan godt ændre sig med tiden, men for nu ser vi ingen grund til at bygge flere boliger.",4,"Højklassificeret kollektiv transport er en rigtig god løsning, og i Venstre er vi sikre på,  at det bliver en succes for kommunen borgere, at de kan benytte sig af letbanen til at fragte sig imellem kommunens områder og til de omkringliggende kommuner, på en let og effektiv måde.",2,"Vi har ganske få ungdomsboliger i vores kommune,  men der mangler også boliger til det gode seniorliv,  så vores seniorer kan sige farvel til den store villa og krævende have og ned i en mere passende størrelse. Således vil flere villaer også blive tilgængelige for nye børnefamilier",0,Vi skal gøre det nemt at være Elbilsejer og have lyst til at skifte over til elbil når familierne finder det fornuftigt. Men vi skal ikke slå folk oven i hovedet fordi de har investeret i en bil med forbrændingsmotor og gerne vil køre i den.,3,Der er bl.a. flere af kommunens cykelstiger der fortjener at blive gjort bredere og få nyt underlagt.  Der er også gode perspektiver I at få gjort flere veje smallere og sænket hastighederne visse stedet for at gøre plads til de blødere trafikanter,1,"I Vallensbæk gør vi allerede meget for at være bæredygtige og begrænse vores klimaaftryk. Det er godt. Men det er også blevet dyrt at bo i byen, og i Venstre vil vi gerne hæve ambitionsniveauet for at gøre det billigere at være beboer i Vallensbæk.",4,"Vi skal passe på Vallensbæks grønne områder, der er med til at gøre den til den lille oase på vestegnens som vores kommune og by er.",2,"Kultur- og sportstilbud er vigtige, og heldigvis er der også rigtig mange muligheder som unge i Vallensbæk.  Der er dog mange som søger mod nabokommunerne, da der er ventelister på byens tilbud, og det bør vi kunne gøre bedre.",2,,3,"Selvfølgelig skal man passe på sammenhængskraften i kommunen, men vi skal ikke se bort fra velkvalificeret arbejde, der kan udfylde roller, som ellers er svære ved at blive udfyldt.",1,"Venstre mener som udgangspunkt ikke man kan bruge for mange penge på socialt udsatte borgere, hvis der er et behov som skal dækkes. Men vi vil gerne se på om de penge vi bruger, bliver brugt bedst muligt. Og så have fokus på forebyggelse, så vi naturligt kan reducere udgiftsbehovet.",4,"Man kan altid finde skår i glæden, men umiddelbart har vi et rigtig højt fagligt niveau i vores ældrepleje. Der er dog også visse steder hvor der er plads til forbedring og hvor der skal investeres fremadrettet.",3,"I Venstre tror vi på, at vi gøre det bedre for de samme penge. Men vi anerkender også, at der er områder hvor vi gerne ser vi at der bliver investeret mere.",1,"I Venstre mener vi at det i udgangspunktet er forældrenes ansvar at sende børn i skole,  som er læringsparate. Også efter kl. 12. Dermed ikke sagt, at der ikke kan være gode perspektivet i at tilbyde frokostordninger. Vi mener blot man burde afvente det nationale projekt på området,  som skolerne i Vallensbæk jo også deltager i og så studere resultaterne før man smider rigtig mange penge eftersådan en ordning, som i stedet kunne bruges på lærere eller andet.",2,"Som udgangspunkt er kommunens arealer vores fælles arealer, og her skal der også være plads til de som ryger. Det kan dog være fornuftigt at kigge på, om der er visse steder hvor der naturligt samles mange mennesker eller især børn og unge,  så ikke man uønsket bliver udsat for passiv rygning.",2,,0,I Vallensbæk er der gjort rigtig meget for at komme ned på et lavt antal af elever i klasserne. Det er godt. I Venstre mener vi at ressourcerne kan bruges bedre ved at fokusere på andre måder at øge trivslen og kvaliteten i folkeskolerne.,3,"Vallensbæk skal være en erhvervsvenlig kommune, hvor virksomheder har lyst til at slå sig ned og skabe vækst og arbejdspladser. Det kræver at de ikke bliver mødt af et stort skattetryk de ikke møder i nabokommunerne og at forvaltningen anses som værende en medspiller.",3,"I Venstre tror vi på,  at der mulighed for at effektivisere en smugle og stadig opretholde det høje serviceniveau som vores borgere forventer og fortjener.",4,Det må og bør være en ambition for en borgerlig kommune at kunne sænke kommuneskatten.,3,,4,,0,,"Kultur,  idræt og fritid, Sundhed, Skole/dagtilbud for børn, Skat, Beredskab og sikkerhed",Vallensbæk har brug for et ansvarligt borgerligt alternativ til det nuværende flertals-styre.  Nogle med friske øjne på tingene og som vil sætte høje ambitioner og som passer på sammenhængskraften,"Man bør stemme på mig og Venstre fordi der er brug for det. Brug for nogle ansvarlige borgerlig-liberale kræfter,  der kommer med nye øjne og friske perspektiver for vores by og kommune. En som tør sætte ambitionsniveauet højere.  Der værner om den sammenhængskraft,  som er ved at smuldre i kommunen og som har erfaringer med, hvilke uoverskuelige konsekvenser vi kommer til at møde, såfremt vi ikke trækker i håndbremsen på byudviklingen og genovervejer  konsekvenserne heraf."
121831474,Gyda Kongsted,12,False,,V,,,,,,,,,,,,,,,,,,,,,,,,,,,,,,,,,,,,,,,,,,,,,,,,,,,,,,,,,,,,,
4627,Niels Jørgensen,8,False,81,V,,,,,,,,,,,,,,,,,,,,,,,,,,,,,,,,,,,,,,,,,,,,,,,,,,,,,,,,,,,,,
40728,Jens Ove Bay,224,True,69,Ø,Gift,0,2665 Vallensbæk Strand,Pensionist,4,"Vi skal øge trivslen og har allerede lavet flere tiltag, hvis de viser sig at virke, så skal de udbygges. Vi har som samfund ikke råd/samvittighed til at der er børn der har en dårlig eller mangelfuld skolegang.",2,"Højden i sig selv er ikke noget problem, men placeringen af høje bygninger kan være. F.eks. så kan naboer få indsigts og  skyggegener med faldende huspriser til følge.  De steder der har/er planer om høje byggerier er også placeret på steder hvor boliger ikke bør opføres af hensyn til sundheden. f.eks. bør Egeskovvej ikke bebygges med boliger da motorvejsstøjen er over alle støjgrænser.",3,"Jeg kan ikke se, hvordan det skal påvirke økonomien så vi skal spare på andre områder. I stedet kan jeg se at træer opsuger en del af den miljøbelastning vi ellers har. Plantning af skov er også en måde at beskytte vores drikkevand på.",3,"Det er en god ide, men så omkostningstung så det er en statslig opgave.",4,Vi har meget få almene boliger og der er meget lange ventelister. Almene boliger har desuden en prisfastsættelse der sikrer en fornuftig husleje udvikling. Derfpor skal vi bygge flere almene boliger.,4,"Vi kan ikke sænke vores klimabelastning, hvis vi fortsætter med at udbygge motorveje osv.  Al erfaring siger også at trængslen kun falder en kort periode, så er trafikken steget så meget så vi er lige vidt. Vi skal i stedet udbygge den kollektive trafik og gøre den så billig så det bliver et reelt alternativ for de fleste.",2,Vi mangler ungdoms og ældreboliger så det bør prioriteres. De nye boligbyggerier er desværre så dyre så vi også mangler billige boliger og det kunne f.eks. være boliger med flere funktioner på færre km2.  Det vil også understøtte bæredygtigheden.,2,"Det er ikke nødvendigt med en stor del af specifikke p-pladser, der skal være lade standere nok og passende antal parkeringspladser.",3,"Vi skal fremme cykelisme og offentlig transport. Vejene må gerne være gode, men skal ikke udvides. Parkering giver problemer flere steder, det skal vi løse.",4,"Det er en livsnødvendighed at vi nedbringer co2 belastningen og som et af de mest udledende lande i verden, når vi måler/borger, så har vi en ekstra forpligtigelse. Det mest af Vallensbæk ligge under 8 meter over havoverfladen, hvilket er den vandstigning der kommer hvis isen på Grønland smelter. Så det giver sig selv at vi har travlt.",4,"Det er jeg af samme grunde som skrevet i forrige svar. Dertil kommer biodiversitetskrisen, som vi kan være med til at afhjælpe.",2,"Vi har stort set alt i sport, så vi mangler måske noget på det kulturelle område. Jeg synes ikke præmissen ""besparelser på andre områder"" er ret meget gældende i vores kommune. Vi har f.eks. kunnet gå 100 millioner+ over budgettet på den nye svømmehal.",1,"vi bruger meget få penge på det kulturelle område, så jeg er glad for vi langt om længe har fået en kulturpulje, det foreslog jeg allerede til 2025 budgettet.",2,"Vi har for øjeblikket brug for arbejdskraft på flere områder, vi kan blive nødsaget til at importere arbejdskraft. Jeg mener vi allerede har mange borgere i EU der vil kunne udfylde de huller vi har. Vi skal så sikre at de arbejder efter de retningslinjer og den etiske standard vi ønsker i vores velfærdsarbejde.",0,"Socialt udsathed er sjældent selvforskyldt, selvom det godt kan være forklædt som sådan.Derfor har vi en fællesforpligtigelse for at hjælpe.Alle kan pludselige blive ramt af sociale begivenheder og vi får det bedste og tryggeste samfund for os alle, hvis vi ved at der er hjælp til alle.",3,"Det er ikke det jeg ved mest om, men vores kvalitetsstandarder er gode og jeg hører ikke klager.",0,Nej. Vi har ikke et stort rationaliseringspotentiale nogen steder i kommunal Danmark. Vi har været udsat for omprioriteringsprocenter i så mange år så der er nedsat service i forhold til tidligere.,4,"skolemadordning er en social udlignende foranstaltning der betyder at mange familier desuden får fjernet noget stress. Samtidig betyder det at alle børn får mulighed for at lære mere når de har fået noget sund mad. Det kan set over børnenes livsforløb spare samfundet for mange penge, hvis vi får skabt en god madkultur hos dem.",4,"rygning er usundt, der bør også laves initiativer mod andre nicotin produkter.",4,"Jeg ser gerne at lukkeugerne fjernes, men det giver ikke mening at bruge lukketiden som en økonomiregulator, hvor vi skruer op og ned med hastige mellemrum.Institutioner med forskellig åbningstid, så mennesker med skæve arbejdstider kan få passet deres børn bør være en god mulighed.",3,Først og fremmest så skal antallet af elever/ lærer/pædagog nedbringes. små klasser er i sig selv ikke en garanti for god trivsel. Garantien kommer når der er voksne nok med uddannelse og erfaring nok til at styre det sociale samvær.,2,"Vi er for øjeblikket ved at afskaffe muligheden for de små håndværksmestre og andre små virksomheder. det synes jeg er en fejl. Vi bliver en soveby, hvor ungdommen ikke kan se eksempler på håndværksfag de eventuelt kunne vælge.",0,"Gennem de sidste 25-30 år er fællesskabet blevet underprioriteret i forhold til den enkelte borger. Det er blevet gjort uden det er gjort klart at så kan fællesskabets kasse ikke længere opretholde et tidssvarende serviceniveau. Det har skabt et forventningsgab, der efter min mening er med til at undergrave demokratiet.  Det har også øget uligheden i samfundet, derfor skal vi i stedet omprioritere, så fællesskabet kan løse de opgaver der er på børne-, uddannelses,- sundheds- og ældreområderne.",0,"Vi har brug for pengene i den fælles kasse, dog så jeg hellere en højere statsskat, da den er progressiv og derfor mere social ansvarlig og lighedsskabende.",3,Jeg betaler min skat med glæde og synes vi bruger pengene på borgerne. Det kan være svært at overskue om penge der er bevilget før min tid i KB stadig bruges på noget nødvendigt/godt.,3,Vi plejer at være på forkant med de helt aktuelle tiltag som oversvømmelsessikring ved at pumpe vand på forhånd.,2,Det er ikke presserende med mindre vi selv initierer krig.,"Miljø og klima, Kultur,  idræt og fritid, Ældre, Sundhed, Skole/dagtilbud for børn","Jeg bringer især tre ting  til bordet: Klima og miljø, børn og unges forhold og nærdemokratiets udvikling.Jeg har været pædagog i 40+år og er meget interesseret i bæredygtighed og demokratiets vilkår","Klima, miljø og børn og unges tryghed og udvikling hænger tæt sammen og jeg har i de 3,5 år i kommunalbestyrelsen (KB) forsøgt at få prioriteret indsatser på de områder.  Det betyder bl.a. :at jeg arbejder for reelle minimumsnormeringer i daginstitutioner, sfo. at jeg altid bringer bæredygtighed og genanvendelse  på dagsordenen når vi skal bygge og udvikle.at jeg opsøger viden om genanvendelse og bæredygtige løsninger.Jeg har også arbejdet for, at kronisk syge og arbejdsløse møder en venlig og hjælpende kommune.  F.eks. har vi fået en borgerrådgiver.Vi skal være en kommune for alle slags borgere uanset indkomst og ophav. Jeg arbejder for flere almene boliger, da det er den eneste boligform, der har regler om husleje fastsættelsen og som derfor på lang sigt kan betyde en bremse på huslejestigningerne.Jeg stemmer altid mod at der bygges boliger på støjplagede og sundhedsskadelige  lokationer.Jeg er ikke nået helt i mål, så stem på Enhedslisten eller mig personligt."
6611231,Luise Marie Bak,106,False,,Ø,,,,,,,,,,,,,,,,,,,,,,,,,,,,,,,,,,,,,,,,,,,,,,,,,,,,,,,,,,,,,
40727,Jesper Gehrke,19,False,64,Ø,Gift,1,2665 Vallensbæk Strand,IT Udvikler,2,,2,,3,,3,,4,,4,,2,,1,,4,,3,,4,,2,,0,,3,,0,,2,,1,,3,,1,,3,,3,,1,,1,,2,,1,,0,,0,,"Trafik, Miljø og klima, Kultur,  idræt og fritid, Social- og integrationsområdet, Sundhed","Jeg stiller op til kommunalvalget fordi jeg mener at der mangler bredde i politiken i kommunen.Det er et demokratisk problem,  at politiken i årtier været fastlagt internt i den konservative gruppe.",.
120454291,Sus Gehrke,13,False,,Ø,,,,,,,,,,,,,,,,,,,,,,,,,,,,,,,,,,,,,,,,,,,,,,,,,,,,,,,,,,,,,
